channel_id,host_name,podcast_name
The Joe Rogan Experience,Joe Rogan,The Joe Rogan Experience
Huberman Lab,Andrew D. Huberman,Huberman Lab
Call Her Daddy,Alex Cooper,Call Her Daddy
Lex Fridman Podcast,Lex Fridman,Lex Fridman Podcast
On Purpose with Jay Shetty,Jay Shetty,On Purpose with Jay Shetty
The Tucker Carlson Show,Tucker Carlson,The Tucker Carlson Show
The Mel Robbins Podcast,Mel Robbins,The Mel Robbins Podcast
Rotten Mango,Stephanie Soo,Rotten Mango
New Heights with Jason and Travis Kelce,Jason Kelce,New Heights with Jason and Travis Kelce
Nerdrotic,Gary Buechler,Nerdrotic
The Daily,Michael Barbaro,The Daily
NPR News Now,NPR Staff,NPR News Now
Pod Save America,Jon Favreau,Pod Save America
The Ben Shapiro Show,Ben Shapiro,The Ben Shapiro Show
The Dan Bongino Show,Dan Bongino,The Dan Bongino Show
The Glenn Beck Program,Glenn Beck,The Glenn Beck Program
Louder with Crowder,Steven Crowder,Louder with Crowder
The Michael Knowles Show,Michael Knowles,The Michael Knowles Show
The Matt Walsh Show,Matt Walsh,The Matt Walsh Show
"All-In with Chamath, Jason, Sacks & Friedberg",Chamath Palihapitiya,"All-In with Chamath, Jason, Sacks & Friedberg"
The Charlie Kirk Show,Charlie Kirk,The Charlie Kirk Show
The Candace Owens Show,Candace Owens,The Candace Owens Show
The Tim Pool Podcast,Tim Pool,The Tim Pool Podcast
Breaking Points,Krystal Ball,Breaking Points
The Jimmy Dore Show,Jimmy Dore,The Jimmy Dore Show
The Diary Of A CEO with Steven Bartlett,Steven Bartlett,The Diary Of A CEO with Steven Bartlett
How I Built This with Guy Raz,Guy Raz,How I Built This with Guy Raz
The Tim Ferriss Show,Tim Ferriss,The Tim Ferriss Show
Masters of Scale,Reid Hoffman,Masters of Scale
a16z Podcast,Andreessen Horowitz,a16z Podcast
The Knowledge Project,Shane Parrish,The Knowledge Project
Invest Like the Best,Patrick O'Shaughnessy,Invest Like the Best
The Acquirers Podcast,Tobias Carlisle,The Acquirers Podcast
Chat with Traders,Aaron Fifield,Chat with Traders
Capital Allocators,Ted Seides,Capital Allocators
The Twenty Minute VC,Harry Stebbings,The Twenty Minute VC
This Week in Startups,Jason Calacanis,This Week in Startups
The Full Ratchet,Nick Moran,The Full Ratchet
Venture Stories,Erik Torenberg,Venture Stories
The Pitch,Josh Muccio,The Pitch
Crime Junkie,Ashley Flowers,Crime Junkie
My Favorite Murder,Karen Kilgariff,My Favorite Murder
Serial,Sarah Koenig,Serial
This American Life,Ira Glass,This American Life
Dateline NBC,Andrea Canning,Dateline NBC
Up and Vanished,Payne Lindsey,Up and Vanished
True Crime Garage,Nick Vining,True Crime Garage
Casefile True Crime,Anonymous Host,Casefile True Crime
Criminal,Phoebe Judge,Criminal
The Murder Squad,Billy Jensen,The Murder Squad
Morbid,Alaina Urquhart,Morbid
Crime Counts,Scott Weinberger,Crime Counts
The First Degree,Billy Jensen,The First Degree
Generation Why,Aaron Habel,Generation Why
Sword and Scale,Mike Boudet,Sword and Scale
Conan O'Brien Needs A Friend,Conan O'Brien,Conan O'Brien Needs A Friend
This Past Weekend w/ Theo Von,Theo Von,This Past Weekend w/ Theo Von
The Bill Simmons Podcast,Bill Simmons,The Bill Simmons Podcast
Pardon My Take,Dan Katz,Pardon My Take
WTF with Marc Maron,Marc Maron,WTF with Marc Maron
Comedy Bang! Bang!,Scott Aukerman,Comedy Bang! Bang!
Your Mom's House,Tom Segura,Your Mom's House
"2 Bears, 1 Cave",Tom Segura,"2 Bears, 1 Cave"
Are You Garbage?,Kevin Ryan,Are You Garbage?
Bad Friends,Andrew Santino,Bad Friends
The Honeydew,Ryan Sickler,The Honeydew
Kill Tony,Tony Hinchcliffe,Kill Tony
Tigerbelly,Bobby Lee,Tigerbelly
The Adam Carolla Show,Adam Carolla,The Adam Carolla Show
Bertcast,Bert Kreischer,Bertcast
Radiolab,Lulu Miller,Radiolab
Science Vs,Wendy Zukerman,Science Vs
Hidden Brain,Shankar Vedantam,Hidden Brain
Freakonomics Radio,Stephen J. Dubner,Freakonomics Radio
TED Talks Daily,TED Staff,TED Talks Daily
Stuff You Should Know,Josh Clark,Stuff You Should Know
The Infinite Monkey Cage,Brian Cox,The Infinite Monkey Cage
StarTalk,Neil deGrasse Tyson,StarTalk
The Skeptics' Guide to the Universe,Steven Novella,The Skeptics' Guide to the Universe
Intelligence Squared,John Donvan,Intelligence Squared
99% Invisible,Roman Mars,99% Invisible
Planet Money,Kenny Malone,Planet Money
More Perfect,Jad Abumrad,More Perfect
Invisibilia,Alix Spiegel,Invisibilia
Reply All,Emmanuel Dzotsi,Reply All
The Model Health Show,Shawn Stevenson,The Model Health Show
The Peter Attia Drive,Peter Attia,The Peter Attia Drive
Ben Greenfield Life,Ben Greenfield,Ben Greenfield Life
Mind Pump,Sal Di Stefano,Mind Pump
The Mindset Mentor,Rob Dial,The Mindset Mentor
The School of Greatness,Lewis Howes,The School of Greatness
Impact Theory,Tom Bilyeu,Impact Theory
The Life Coach School Podcast,Brooke Castillo,The Life Coach School Podcast
Optimal Health Daily,Dr. Neal Malik,Optimal Health Daily
The Doctor's Farmacy,Dr. Mark Hyman,The Doctor's Farmacy
FoundMyFitness,Dr. Rhonda Patrick,FoundMyFitness
The Bulletproof Podcast,Dave Asprey,The Bulletproof Podcast
The Wellness Mama Podcast,Katie Wells,The Wellness Mama Podcast
The Ultimate Health Podcast,Jesse Chappus,The Ultimate Health Podcast
High Intensity Health,Mike Mutzel,High Intensity Health
Syntax,Wes Bos,Syntax
The Changelog,Adam Stacoviak,The Changelog
Darknet Diaries,Jack Rhysider,Darknet Diaries
Security Now,Steve Gibson,Security Now
This Week in Tech,Leo Laporte,This Week in Tech
The Vergecast,Nilay Patel,The Vergecast
Accidental Tech Podcast,Marco Arment,Accidental Tech Podcast
Talk Python To Me,Michael Kennedy,Talk Python To Me
Software Engineering Daily,Jeff Meyerson,Software Engineering Daily
Coding Blocks,Allen Underwood,Coding Blocks
The Stack Overflow Podcast,Stack Overflow Team,The Stack Overflow Podcast
JS Party,Jerod Santo,JS Party
Go Time,Mat Ryer,Go Time
Functional Geekery,Steven Proctor,Functional Geekery
The Cognicast,Cognitect Team,The Cognicast
The Investors Podcast,Preston Pysh,The Investors Podcast
Motley Fool Money,Chris Hill,Motley Fool Money
Eurodollar University,Jeff Snider,Eurodollar University
MacroVoices,Erik Townsend,MacroVoices
Real Vision,Raoul Pal,Real Vision
The Meb Faber Research Podcast,Meb Faber,The Meb Faber Research Podcast
Value Investing Podcast,Jake Taylor,Value Investing Podcast
The Flirting with Models Podcast,Corey Hoffstein,The Flirting with Models Podcast
Excess Returns,Jack Vogel,Excess Returns
DIY Investing Podcast,Andy Hart,DIY Investing Podcast
Millennial Investing,Robert Leonard,Millennial Investing
The Acquirer's Multiple,Tobias Carlisle,The Acquirer's Multiple
Pension Craft,Ramin Nakisa,Pension Craft
The Pat McAfee Show,Pat McAfee,The Pat McAfee Show
First Take,Stephen A. Smith,First Take
The Herd with Colin Cowherd,Colin Cowherd,The Herd with Colin Cowherd
Pardon the Interruption,Tony Kornheiser,Pardon the Interruption
The Dan Patrick Show,Dan Patrick,The Dan Patrick Show
Russillo,Ryen Russillo,Russillo
The Rich Eisen Show,Rich Eisen,The Rich Eisen Show
Around the Horn,Tony Reali,Around the Horn
Get Up,Mike Greenberg,Get Up
Highly Questionable,Dan Le Batard,Highly Questionable
The Stephen A. Smith Show,Stephen A. Smith,The Stephen A. Smith Show
The Lowe Post,Zach Lowe,The Lowe Post
The Mina Kimes Show,Mina Kimes,The Mina Kimes Show
Good Morning Football,Kyle Brandt,Good Morning Football
The Fantasy Footballers,Andy Holloway,The Fantasy Footballers
Anything Goes with Emma Chamberlain,Emma Chamberlain,Anything Goes with Emma Chamberlain
We Can Do Hard Things,Glennon Doyle,We Can Do Hard Things
Armchair Expert with Dax Shepard,Dax Shepard,Armchair Expert with Dax Shepard
The Michelle Obama Podcast,Michelle Obama,The Michelle Obama Podcast
Oprah's SuperSoul,Oprah Winfrey,Oprah's SuperSoul
The Goop Podcast,Gwyneth Paltrow,The Goop Podcast
Talk Tuah with Haliey Welch,Haliey Welch,Talk Tuah with Haliey Welch
The Skinny Confidential Him & Her Podcast,Lauryn Evarts Bosstick,The Skinny Confidential Him & Her Podcast
The Goal Digger Podcast,Jenna Kutcher,The Goal Digger Podcast
The Marie Forleo Podcast,Marie Forleo,The Marie Forleo Podcast
The Rachel Hollis Podcast,Rachel Hollis,The Rachel Hollis Podcast
Unlocking Us,Brené Brown,Unlocking Us
On Being,Krista Tippett,On Being
The Minimalists Podcast,Joshua Fields Millburn,The Minimalists Podcast
The Life-Changing Magic of Tidying Up,Marie Kondo,The Life-Changing Magic of Tidying Up
The Rest is History,Tom Holland,The Rest is History
Hardcore History,Dan Carlin,Hardcore History
Revolutions,Mike Duncan,Revolutions
The History of Rome,Mike Duncan,The History of Rome
Stuff You Missed in History Class,Tracy V. Wilson,Stuff You Missed in History Class
Presidential,Lillian Cunningham,Presidential
BackStory,Ed Ayers,BackStory
Tides of History,Patrick Wyman,Tides of History
The History of Philosophy,Peter Adamson,The History of Philosophy
You Must Remember This,Karina Longworth,You Must Remember This
Fall of Civilizations,Paul Cooper,Fall of Civilizations
The British History Podcast,Jamie Jeffers,The British History Podcast
History Extra,BBC History Staff,History Extra
The Ancient World,Scott Chesworth,The Ancient World
Noble Blood,Dana Schwartz,Noble Blood
Fresh Air,Terry Gross,Fresh Air
The Howard Stern Show,Howard Stern,The Howard Stern Show
Desert Island Discs,Lauren Laverne,Desert Island Discs
Wait Wait... Don't Tell Me!,Peter Sagal,Wait Wait... Don't Tell Me!
Ask Me Another,Ophira Eisenberg,Ask Me Another
Says You!,Richard Sher,Says You!
The Moth,Various Hosts,The Moth
StoryCorps,Various Hosts,StoryCorps
Design Matters,Debbie Millman,Design Matters
Between the Covers,David Naimon,Between the Covers
The Paris Review Podcast,Paris Review Staff,The Paris Review Podcast
Poetry Unbound,Pádraig Ó Tuama,Poetry Unbound
The Ezra Klein Show,Ezra Klein,The Ezra Klein Show
Conversations with Tyler,Tyler Cowen,Conversations with Tyler
The Tony Robbins Podcast,Tony Robbins,The Tony Robbins Podcast
The Brendon Show,Brendon Burchard,The Brendon Show
The GaryVee Audio Experience,Gary Vaynerchuk,The GaryVee Audio Experience
The Ed Mylett Show,Ed Mylett,The Ed Mylett Show
UnF*ck Your Brain,Kara Loewentheil,UnF*ck Your Brain
The Chalene Show,Chalene Johnson,The Chalene Show
Rise Podcast,Rachel Hollis,Rise Podcast
The Dave Ramsey Show,Dave Ramsey,The Dave Ramsey Show
The John Maxwell Leadership Podcast,John Maxwell,The John Maxwell Leadership Podcast
Entrepreneur on Fire,John Lee Dumas,Entrepreneur on Fire
The 5 AM Miracle,Jeff Sanders,The 5 AM Miracle
Optimal Living Daily,Justin Malik,Optimal Living Daily
The Productivity Show,Asian Efficiency Team,The Productivity Show
Beyond the To Do List,Erik Fisher,Beyond the To Do List
The Science of Success,Matt Bodnar,The Science of Success
Giant Bombcast,Jeff Gerstmann,Giant Bombcast
The Game Informer Show,Game Informer Staff,The Game Informer Show
Kinda Funny Gamescast,Greg Miller,Kinda Funny Gamescast
Easy Allies Podcast,Brandon Jones,Easy Allies Podcast
DLC,Jeff Cannata,DLC
The Indoor Kids,Kumail Nanjiani,The Indoor Kids
Retronauts,Jeremy Parish,Retronauts
8-4 Play,Mark MacDonald,8-4 Play
The Video Game History Hour,Bob Mackey,The Video Game History Hour
Watch Out for Fireballs!,Gary Butterfield,Watch Out for Fireballs!
Super Best Friendcast,Matt McMuscles,Super Best Friendcast
The Co-Optional Podcast,Jesse Cox,The Co-Optional Podcast
What's Good Games,Andrea Rene,What's Good Games
Spawn On Me,Kahlief Adams,Spawn On Me
Into the Aether,Brendon Bigley,Into the Aether
Song Exploder,Hrishikesh Hirway,Song Exploder
All Songs Considered,Bob Boilen,All Songs Considered
Sound Opinions,Jim DeRogatis,Sound Opinions
The Needle Drop,Anthony Fantano,The Needle Drop
Dissect,Cole Cuchna,Dissect
What's In My Bag?,Amoeba Music,What's In My Bag?
Cocaine & Rhinestones,Tyler Mahan Coe,Cocaine & Rhinestones
The Daily Beatles,Variety,The Daily Beatles
A History of Rock Music in 500 Songs,Andrew Hickey,A History of Rock Music in 500 Songs
The Rolling Stone Music Now Podcast,Brian Hiatt,The Rolling Stone Music Now Podcast
Broken Record,Rick Rubin,Broken Record
The Bob Lefsetz Podcast,Bob Lefsetz,The Bob Lefsetz Podcast
Music Exists,Zach Schonfeld,Music Exists
And The Writer Is...,Ross Golan,And The Writer Is...
Questlove Supreme,Questlove,Questlove Supreme
The Breakfast Club,Charlamagne tha God,The Breakfast Club
Drink Champs,N.O.R.E.,Drink Champs
Million Dollaz Worth of Game,Gillie Da Kid,Million Dollaz Worth of Game
85 South Show,Karlous Miller,85 South Show
Club Shay Shay,Shannon Sharpe,Club Shay Shay
Impaulsive,Logan Paul,Impaulsive
Full Send Podcast,NELK Boys,Full Send Podcast
BFFs,Dave Portnoy,BFFs
Flagrant,Andrew Schulz,Flagrant
The Brilliant Idiots,Charlamagne tha God,The Brilliant Idiots
No Jumper,Adam22,No Jumper
The Joe Budden Podcast,Joe Budden,The Joe Budden Podcast
Everyday Struggle,Joe Budden,Everyday Struggle
Tax Season,DJ Drama,Tax Season
The Combat Jack Show,Combat Jack,The Combat Jack Show
H3 Podcast,Ethan Klein,H3 Podcast
The Try Guys Podcast,Try Guys,The Try Guys Podcast
SmartLess,Jason Bateman,SmartLess
Office Ladies,Jenna Fischer,Office Ladies
Literally! With Rob Lowe,Rob Lowe,Literally! With Rob Lowe
Where Everybody Knows Your Name,Ted Danson,Where Everybody Knows Your Name
Team Coco,Conan O'Brien,Team Coco
Anna Faris is Unqualified,Anna Faris,Anna Faris is Unqualified
Busy Philipps is Doing Her Best,Busy Philipps,Busy Philipps is Doing Her Best
Sibling Revelry,Kate Hudson,Sibling Revelry
The Hilarious World of Depression,John Moe,The Hilarious World of Depression
Getting Curious with Jonathan Van Ness,Jonathan Van Ness,Getting Curious with Jonathan Van Ness
Why Won't You Date Me?,Nicole Byer,Why Won't You Date Me?
Best Friends!,Sasheer Zamata,Best Friends!
Las Culturistas,Matt Rogers,Las Culturistas
Peter Zeihan,Peter Zeihan,Peter Zeihan
